[
  {
    "id": "1",
    "name": "Ana Pop",
    "club": "Tech",
    "joinedAt": "2025-01-10"
  },
  {
    "id": "2",
    "name": "Mihai Ionescu",
    "club": "Arts",
    "joinedAt": "2025-01-12"
  },
  {
    "id": "3",
    "name": "Elena Radu",
    "club": "Tech",
    "joinedAt": "2025-02-05"
  },
  {
    "id": "4",
    "name": "George Matei",
    "club": "Sports",
    "joinedAt": "2025-02-11"
  },
  {
    "id": "5",
    "name": "Carmen Lupu",
    "club": "Arts",
    "joinedAt": "2025-03-02"
  },
  {
    "id": "6",
    "name": "Radu Mihnea",
    "club": "Tech",
    "joinedAt": "2025-03-08"
  },
  {
    "id": "7",
    "name": "Ioana Dima",
    "club": "Sports",
    "joinedAt": "2025-03-10"
  },
  {
    "id": "8",
    "name": "Paul Vlas",
    "club": "Tech",
    "joinedAt": "2025-03-22"
  },
  {
    "id": "9",
    "name": "Irina Sava",
    "club": "Arts",
    "joinedAt": "2025-04-01"
  },
  {
    "id": "10",
    "name": "Andrei Nistor",
    "club": "Tech",
    "joinedAt": "2025-04-14"
  },
  {
    "id": "11",
    "name": "Lavinia Preda",
    "club": "Sports",
    "joinedAt": "2025-04-20"
  },
  {
    "id": "12",
    "name": "Victor Stan",
    "club": "Arts",
    "joinedAt": "2025-04-23"
  },
  {
    "id": "13",
    "name": "Monica Petrescu",
    "club": "Tech",
    "joinedAt": "2025-05-04"
  },
  {
    "id": "14",
    "name": "Stefan Coman",
    "club": "Tech",
    "joinedAt": "2025-05-10"
  },
  {
    "id": "15",
    "name": "Alina Blaga",
    "club": "Sports",
    "joinedAt": "2025-05-18"
  }
]